"initiative_id";"initiative_name";"start_date";"end_date";"budget_usd";"energy_savings_kwh";"carbon_reduction_kg"
1;"De-engineered 4thgeneration synergy";"2019-09-26";"2020-01-06";677802.55;83854.23;329.24
2;"Synergistic 24/7 utilization";"2020-02-24";"2020-04-18";289164.98;78482.41;6676.41
3;"Robust 6thgeneration system engine";"2021-12-07";"2022-06-28";840065.14;5254.98;2499.24
4;"Synergistic transitional website";"2020-03-21";"2021-03-04";550353.95;13780.79;3867.13
5;"Secured human-resource pricing structure";"2021-01-19";"2021-05-16";586511.4;33461.78;5818.39
6;"Balanced zero tolerance throughput";"2020-07-25";"2021-03-22";293418.93;17430.95;7390.66
7;"Team-oriented system-worthy middleware";"2019-08-24";"2020-04-12";153925.62;15690.42;4934.55
8;"Reduced next generation alliance";"2023-04-12";"2023-05-13";351212.39;54275.57;3009.11
9;"Synergistic optimal adapter";"2023-03-21";"2023-08-16";353535.31;44030.51;3461.4
10;"Intuitive global project";"2023-03-18";"2023-07-05";929146.69;40721.52;754.75
11;"Managed zero administration interface";"2022-08-11";"2023-01-06";328505.03;15962.79;5142.52
12;"Object-based fresh-thinking info-mediaries";"2019-11-11";"2020-08-10";226096.53;95592.62;5381.24
13;"Organic global productivity";"2022-09-05";"2023-03-13";173229.59;10311.11;3950.06
14;"Persevering bottom-line superstructure";"2019-07-28";"2020-07-09";432496.67;54205.33;4594.54
15;"Cloned analyzing info-mediaries";"2021-07-03";"2022-03-16";834239.08;26150.73;3788.95
16;"Intuitive intangible policy";"2022-09-30";"2023-09-14";911091.8;43131.58;4382.78
17;"Monitored executive success";"2023-05-10";"2023-07-25";362138.24;67378.41;7597.9
18;"Configurable 5thgeneration algorithm";"2020-03-17";"2020-06-07";999247.13;83353.92;1727.24
19;"Polarized fault-tolerant Graphic Interface";"2019-11-10";"2020-03-26";163467.58;42120.48;5340.19
20;"Realigned bandwidth-monitored open architecture";"2021-12-15";"2022-07-08";581563.81;33176.44;872.21
